Platform,Category,Estimated Price
Bloomberg Terminal,Stocks,"$25,000/year"
Reuters Eikon,Stocks,"$22,000/year"
Whop Communities,Communities,"$240-$6,000/year"
Polygon.io,Infrastructure,"$2,388/year"
Trade Ideas,Stocks,"$2,268/year"
Nansen Alpha,Crypto,"$1,800/year"
MarketSmith,Stocks,"$1,788/year"
Cryptohopper,Crypto,"$1,296/year"
HaasOnline,Crypto,"$1,188/year"
Bookmap,Stocks,"$1,188/year"
Cheddar Flow,Stocks,$999/year
QuantData,Stocks,$948/year
Scanz,Stocks,$948/year
Glassnode Advanced,Crypto,$948/year
TrendSpider,Stocks,$948/year
TradingView Premium,Stocks/Crypto,$719/year
GMGN Premium,Memecoins,$600/year
Banana Gun,Memecoins,$600/year
Alchemy,Infrastructure,$588/year
QuickNode,Infrastructure,$588/year
Helius,Infrastructure,$588/year
Unusual Whales,Stocks,$588/year
Santiment,Crypto,$588/year
TradingLite,Crypto,$480/year
LunarCrush,Crypto,$480/year
CryptoQuant,Crypto,$468/year
3Commas,Crypto,$444/year
DexTools Premium,Memecoins,$360/year
Birdeye Premium,Memecoins,$300/year
Messari Pro,Crypto,$299/year
Finviz Elite,Stocks,$299/year
BullX,Memecoins,Usage fees
Axiom,Memecoins,Usage fees
Photon,Memecoins,Usage fees
BonkBot,Memecoins,Usage fees
Trojan Bot,Memecoins,Usage fees
